account_id,customer_id,account_status,premise_id,source_system,ingested_at
A001,C001,ACTIVE,P001,BILLING,2026-08-31T08:00:00Z
A002,C002,ACTIVE,P002,BILLING,2026-08-31T08:00:00Z
A003,C003,ACTIVE,P003,BILLING,2026-08-31T08:00:00Z
A004,C004,ACTIVE,P004,BILLING,2026-08-31T08:00:00Z
A005,C005,ACTIVE,P005,BILLING,2026-08-31T08:00:00Z
A006,C006,ACTIVE,P006,BILLING,2026-08-31T08:00:00Z
A007,C007,ACTIVE,P007,BILLING,2026-08-31T08:00:00Z
A008,C008,ACTIVE,P008,BILLING,2026-08-31T08:00:00Z
A009,C009,ACTIVE,P009,BILLING,2026-08-31T08:00:00Z
A010,C010,ACTIVE,P010,BILLING,2026-08-31T08:00:00Z
A011,C011,ACTIVE,P011,BILLING,2026-08-31T08:00:00Z
A012,C012,ACTIVE,P012,BILLING,2026-08-31T08:00:00Z
A013,C013,ACTIVE,P013,BILLING,2026-08-31T08:00:00Z
A014,C014,ACTIVE,P014,BILLING,2026-08-31T08:00:00Z
A015,C015,ACTIVE,P015,BILLING,2026-08-31T08:00:00Z
A016,C016,ACTIVE,P016,BILLING,2026-08-31T08:00:00Z
A017,C017,ACTIVE,P017,BILLING,2026-08-31T08:00:00Z
A018,C999,ACTIVE,P018,LEGACY_BILLING,2026-08-31T08:00:00Z
A019,C018,ACTV,P019,LEGACY_BILLING,2026-08-31T08:00:00Z
