bill_id,account_id,meter_id,read_id,period_start,period_end,read_provenance,billed_amount,source_system,ingested_at
B001,A001,M001,R001,2026-07-01,2026-08-01,ACTUAL,50.00,BILLING,2026-08-31T08:00:00Z
B002,A002,M002,R002,2026-07-01,2026-08-01,ESTIMATED,30.00,BILLING,2026-08-31T08:00:00Z
B003,A003,M003,R999,2026-07-01,2026-08-01,ACTUAL,45.00,LEGACY_BILLING,2026-08-31T08:00:00Z
B004,A004,M005,R004,2026-07-01,2026-08-01,ACTUAL,21.00,LEGACY_BILLING,2026-08-31T08:00:00Z
B005,A005,M005,R005,2026-08-10,2026-08-01,ACTUAL,19.00,BILLING,2026-08-31T08:00:00Z
B006,A006,M006,R006,2026-07-01,2026-08-01,ACTUAL,40.00,BILLING,2026-08-31T08:00:00Z
B007,A007,M007,R007,2026-07-01,2026-08-01,ACTUAL,12.00,BILLING,2026-08-31T08:00:00Z
B008,A008,M008,R008,2026-07-01,2026-08-01,ACTUAL,29.00,BILLING,2026-08-31T08:00:00Z
B009,A009,M009,R009,2026-07-01,2026-08-01,ACTUAL,14.00,BILLING,2026-08-31T08:00:00Z
B010,A010,M010,R010,2026-07-01,2026-08-01,ACTUAL,22.00,BILLING,2026-08-31T08:00:00Z
B011,A011,M011,R011,2026-07-01,2026-08-01,ACTUAL,20.00,BILLING,2026-08-31T08:00:00Z
B012,A012,M012,R012,2026-07-01,2026-08-01,ACTUAL,25.00,BILLING,2026-08-31T08:00:00Z
B013,A013,M013,R013,2026-07-01,2026-08-01,ACTUAL,16.00,BILLING,2026-08-31T08:00:00Z
B014,A014,M014,R014,2026-07-01,2026-08-01,ESTIMATED,18.00,BILLING,2026-08-31T08:00:00Z
B015,A015,M015,R015,2026-07-01,2026-08-01,ACTUAL,11.00,BILLING,2026-08-31T08:00:00Z
B016,A016,M016,R016,2026-07-01,2026-08-01,ACTUAL,32.00,BILLING,2026-08-31T08:00:00Z
B017,A017,M017,R017,2026-07-01,2026-08-01,ACTUAL,25.00,BILLING,2026-08-31T08:00:00Z
B018,A018,M018,R018,2026-07-01,2026-08-01,ACTUAL,15.00,LEGACY_BILLING,2026-08-31T08:00:00Z
B019,A999,M019,R019,2026-07-01,2026-08-01,ACTUAL,17.00,LEGACY_BILLING,2026-08-31T08:00:00Z
