customer_id,email,postcode,source_system,ingested_at
C001,ada@example.test,SW1A 1AA,CRM,2026-08-31T08:00:00Z
C002,ben@example.test,EH1 1AA,CRM,2026-08-31T08:00:00Z
C003,cara@example.test,M1 1AE,LEGACY_CRM,2026-08-31T08:00:00Z
C004,dan@example.test,BS1 4ST,CRM,2026-08-31T08:00:00Z
C005,eva@example.test,CF10 1EP,CRM,2026-08-31T08:00:00Z
C006,fin@example.test,G1 2FF,LEGACY_CRM,2026-08-31T08:00:00Z
C007,gwen@example.test,LS1 2AB,CRM,2026-08-31T08:00:00Z
C008,hal@example.test,L1 8JQ,CRM,2026-08-31T08:00:00Z
C009,ivy@example.test,NE1 4LP,CRM,2026-08-31T08:00:00Z
C010,jo@example.test,BT1 5GS,LEGACY_CRM,2026-08-31T08:00:00Z
C011,kim@example.test,OX1 1AA,CRM,2026-08-31T08:00:00Z
C012,lee@example.test,SE1 2AA,CRM,2026-08-31T08:00:00Z
C013,max@example.test,ZZ99 9ZZ,LEGACY_CRM,2026-08-31T08:00:00Z
C014,no-at-symbol,N1 9GU,CRM,2026-08-31T08:00:00Z
C015,,B1 1AA,CRM,2026-08-31T08:00:00Z
C016,pat@example.test,E1 6AN,CRM,2026-08-31T08:00:00Z
C017,ria@example.test,SW1A 1AA,LEGACY_CRM,2026-08-31T08:00:00Z
C018,sam@example.test,EH1 1AA,CRM,2026-08-31T08:00:00Z
