read_id,meter_id,read_at,read_value,read_type,unit_code,source_system,ingested_at
R001,M001,2026-08-01T00:00:00Z,100.000,ACTUAL,kWh,READ_API,2026-08-31T08:00:00Z
R002,M002,2026-08-02T00:00:00Z,20.000,ESTIMATED,m3,READ_API,2026-08-31T08:00:00Z
R003,M003,2026-08-03T00:00:00Z,50.000,ACTUAL,kWh,READ_API,2026-08-31T08:00:00Z
R004,M004,2026-08-04T00:00:00Z,44.000,ACTUAL,kWh,READ_API,2026-08-31T08:00:00Z
R005,M005,2026-08-05T00:00:00Z,11.000,ESTIMATED,m3,READ_API,2026-08-31T08:00:00Z
R006,M006,2026-08-06T00:00:00Z,60.000,ACTUAL,kWh,READ_API,2026-08-31T08:00:00Z
R007,M007,2026-08-07T00:00:00Z,,ACTUAL,kWh,LEGACY_READ,2026-08-31T08:00:00Z
R008,M008,2026-08-08T00:00:00Z,18.000,ACTUAL,m3,READ_API,2026-08-31T08:00:00Z
R009,M009,2026-08-09T00:00:00Z,-1.000,ACTUAL,kWh,LEGACY_READ,2026-08-31T08:00:00Z
R010,M010,2026-08-10T00:00:00Z,15.000,EST,m3,LEGACY_READ,2026-08-31T08:00:00Z
R011,M011,2026-08-11T00:00:00Z,25.000,ACTUAL,kWh,READ_API,2026-08-31T08:00:00Z
R012,M012,2026-08-12T00:00:00Z,12.000,ACTUAL,MWH,LEGACY_READ,2026-08-31T08:00:00Z
R013,M013,2026-08-13T00:00:00Z,10.000,ACTUAL,kWh,READ_API,2026-08-31T08:00:00Z
R014,M014,2026-08-14T00:00:00Z,31.000,ESTIMATED,m3,READ_API,2026-08-31T08:00:00Z
R015,M015,2026-08-15T00:00:00Z,8.000,ACTUAL,m3,READ_API,2026-08-31T08:00:00Z
R016,M016,2026-08-16T00:00:00Z,73.000,ACTUAL,kWh,READ_API,2026-08-31T08:00:00Z
R017,M017,2026-08-17T00:00:00Z,22.000,ACTUAL,kWh,READ_API,2026-08-31T08:00:00Z
R018,M018,2026-08-18T00:00:00Z,10.000,ACTUAL,kWh,READ_API,2026-08-31T08:00:00Z
R019,M019,2026-09-15T00:00:00Z,12.000,ACTUAL,m3,READ_API,2026-08-31T08:00:00Z
