meter_id,premise_id,fuel_type,meter_status,unit_code,source_system,ingested_at
M001,P001,ELECTRICITY,ACTIVE,kWh,METER_OPS,2026-08-31T08:00:00Z
M002,P002,GAS,ACTIVE,m3,METER_OPS,2026-08-31T08:00:00Z
M003,P003,ELECTRICITY,ACTIVE,kWh,METER_OPS,2026-08-31T08:00:00Z
M004,P004,ELECTRICITY,ACTIVE,kWh,METER_OPS,2026-08-31T08:00:00Z
M005,P005,GAS,ACTIVE,m3,METER_OPS,2026-08-31T08:00:00Z
M006,P006,ELECTRICITY,ACTIVE,kWh,METER_OPS,2026-08-31T08:00:00Z
M007,P007,ELECTRICITY,ACTIVE,kWh,METER_OPS,2026-08-31T08:00:00Z
M008,P008,GAS,ACTIVE,m3,METER_OPS,2026-08-31T08:00:00Z
M009,P009,ELECTRICITY,ACTIVE,kWh,METER_OPS,2026-08-31T08:00:00Z
M010,P010,GAS,ACTIVE,m3,METER_OPS,2026-08-31T08:00:00Z
M011,P011,ELECTRICITY,ACTIVE,kWh,METER_OPS,2026-08-31T08:00:00Z
M012,P012,ELECTRICITY,ACTIVE,kWh,METER_OPS,2026-08-31T08:00:00Z
M013,P013,ELECTRICITY,ACTIVE,kWh,METER_OPS,2026-08-31T08:00:00Z
M014,P014,GAS,ACTIVE,m3,METER_OPS,2026-08-31T08:00:00Z
M015,P015,GAS,ACTIVE,m3,METER_OPS,2026-08-31T08:00:00Z
M016,P016,ELECTRICITY,ACTIVE,kWh,METER_OPS,2026-08-31T08:00:00Z
M017,P017,GAS,ACTIVE,kWh,METER_OPS,2026-08-31T08:00:00Z
M018,P018,ELECTRICITY,ACTIVE,kWh,METER_OPS,2026-08-31T08:00:00Z
M019,P019,GAS,ACTIVE,m3,METER_OPS,2026-08-31T08:00:00Z
